{
  "train_loss": [
    0.31040077123097404,
    0.20861838903857285,
    0.1780426100859334,
    0.15969630857299172,
    0.14511099031584734,
    0.1391543544881327,
    0.1297479807503488,
    0.12326717379926605,
    0.11396257024704075,
    0.11070735486056263,
    0.10734459748628691,
    0.10250115267496249,
    0.10005396906219742,
    0.09710480793130775,
    0.09370964232376959,
    0.09244902971929377,
    0.09027801603746201,
    0.08776458166539669,
    0.0718091009899745,
    0.06720984336828917,
    0.06658704396514836,
    0.0645842641310186,
    0.06449113145377666,
    0.06223996808354386,
    0.059697052042470125,
    0.05265040910644582,
    0.049868299165813305,
    0.0494130160439085,
    0.048624919271317055,
    0.047118008430953054
  ],
  "train_acc": [
    86.377,
    91.578,
    92.827,
    93.645,
    94.203,
    94.544,
    94.962,
    95.198,
    95.55,
    95.732,
    95.832,
    96.062,
    96.206,
    96.341,
    96.424,
    96.448,
    96.541,
    96.663,
    97.287,
    97.467,
    97.487,
    97.591,
    97.594,
    97.632,
    97.736,
    98.051,
    98.138,
    98.139,
    98.173,
    98.231
  ],
  "val_loss": [
    0.1475550296148077,
    0.10813191264106062,
    0.0869731087871372,
    0.06580981291449679,
    0.09117964009111658,
    0.07250245452111664,
    0.07997555800002461,
    0.06043266937785303,
    0.06286117942563405,
    0.056194173827463875,
    0.06514418426642236,
    0.06230045489731807,
    0.05288354468237335,
    0.043304965494367215,
    0.0434958662290257,
    0.04483271675547377,
    0.04963218753996748,
    0.05407761616302065,
    0.04728034737530334,
    0.041457019525560766,
    0.0345222654574091,
    0.03981333617202807,
    0.047415386134841905,
    0.046195471772231156,
    0.044658303885187316,
    0.04241253846184947,
    0.028063722552520376,
    0.02942459516657945,
    0.036244017622391204,
    0.02976911906234789
  ],
  "val_acc": [
    94.33,
    95.605,
    96.555,
    97.635,
    96.315,
    97.195,
    96.92,
    97.88,
    97.71,
    97.915,
    97.585,
    97.66,
    98.145,
    98.38,
    98.34,
    98.335,
    98.195,
    97.96,
    98.305,
    98.47,
    98.72,
    98.51,
    98.36,
    98.275,
    98.455,
    98.42,
    99.0,
    98.955,
    98.78,
    98.91
  ]
}